id,aedat,aenam,aezet,approval_ref,begda,change_ref,destcluster,dist_h,dist_hh,dist_p,endda,erdat,ernam,erzet,fdz_ind,geo_rtd,kunwe,levi_oneway,levi_twoway,mandt,rtdstatus,ship_state,shpt_bottom_load,shpt_state,vehcap_ind,vstel,createddate,is_active,modifieddate
6056,2019-08-29,00502556,16:15:11,CAO/RTD/KOTTAYAM DT: 07.08.2019,2019-08-07,ok,WS,0,,126,2022-08-06,2019-08-28,00040408,18:53:38,X,0,0000141566,0,0,310,F,KER,N,KER,"",4221,2023-10-30 20:03:47.787919,t,2023-10-30 20:03:47.787921
6057,2021-12-15,00081719,10:01:02,Mail  from BP,2021-12-15,Approved,SS,0,,26,2022-01-12,2021-12-14,00029621,18:49:23,X,0,ZC4272,0,0,310,P,KER,N,KER,"",4221,2023-10-30 20:03:47.790479,t,2023-10-30 20:03:47.790481
6058,2019-11-01,00502556,13:47:34, RTD/4221/CO/11111/1/20190401,2019-11-01,approved,KER,0,,290,2022-09-25,2019-10-09,00036369,16:54:17,"",0,0000240166,0,0,310,F,KER,N,KER,"",4221,2023-10-30 20:03:47.792685,t,2023-10-30 20:03:47.792686
6059,2021-05-10,00081719,13:32:42,KES-RTD/4271/Bulk/2018-19/0628,2021-05-10,Approved,SS,0,,330,2022-10-02,2021-05-10,00036369,13:17:51,"",0,ZC4271,0,0,310,F,KER,N,KER,"",4221,2023-10-30 20:03:47.797564,t,2023-10-30 20:03:47.797566
6060,2019-08-29,00502556,16:15:38,CAO/RTD/KOTTAYAM DT: 07.08.2019,2019-08-29,approved,WS,0,,129,2022-08-06,2019-08-28,00040408,18:54:25,X,0,0000143273,0,0,310,F,KER,N,KER,"",4221,2023-10-30 20:03:47.799805,t,2023-10-30 20:03:47.799807
6061,2021-03-09,00081719,15:39:59,TNS-RTD/4179/Bulk/2018-19/0531,2021-03-09,Approved,OS,0,,402,2022-05-07,2021-03-09,00017801,14:25:23,"",0,ZC179S,0,0,310,F,TN,N,KER,"",4221,2023-10-30 20:03:47.801957,t,2023-10-30 20:03:47.801959
6062,2021-03-09,00081719,16:27:05,TNS-RTD/4179/Bulk/2018-19/0531,2021-03-09,Approved,OS,0,,402,2022-05-07,2021-03-09,00017801,16:18:49,"",0,ZC4179,0,0,310,F,TN,N,KER,"",4221,2023-10-30 20:03:47.80376,t,2023-10-30 20:03:47.803762
6063,2019-07-03,00507996,14:51:46,TNS-RTD//Bulk/2018-19/0529,2019-07-03,Approved,OS,0,,519,2022-07-02,2019-07-03,00017801,14:13:58,"",0,ZC177S,0,0,310,F,TN,N,KER,"",4221,2023-10-30 20:03:47.80553,t,2023-10-30 20:03:47.805532
6064,2019-07-03,00507996,15:56:28,TNS-RTD//Bulk/2018-19/0529,2019-07-03,Approved,OS,0,,519,2022-06-16,2019-07-03,00017801,14:12:56,"",0,ZC4177,0,0,310,F,TN,N,KER,"",4221,2023-10-30 20:03:47.807212,t,2023-10-30 20:03:47.807214
6065,2021-08-27,00036342,17:05:01,RTD/4221/CO/135080/1/20190328,2021-08-27,as per mail dated 27.08.2021.,KER,0,,251,2022-09-24,2021-08-27,00024648,16:58:50,"",0,0000135080,175.00,350.00,310,F,KER,N,KER,"",4221,2023-10-30 20:03:47.809201,t,2023-10-30 20:03:47.809202
6066,2021-12-10,00081719,15:49:23,CGM aproval,2021-12-10,Approved,KER,0,,428.3,2024-12-08,2021-12-09,00500341,18:06:25,"",0,ZC4009,0,550.00,310,F,KER,N,KER,"",4221,2023-10-30 20:03:47.811046,t,2023-10-30 20:03:47.811047
6067,2021-11-07,00036342,20:54:30,KESO/4221/ZC4029/ATF/R2/2021-22/188,2021-11-08,"Other than shortest route, as recom",KER,0,,571.9,2024-11-07,2021-11-02,00023768,13:38:39,"",0,ZC4029,0,0,310,F,KER,N,KER,"",4221,2023-10-30 20:03:47.813076,t,2023-10-30 20:03:47.813077
6068,2021-09-14,00036342,10:08:42,KESO/4221/ZC4008/ATF/R1/2021-22/176,2021-09-14,"Shortest route, as recommended by t",KER,0,,26.5,2024-09-13,2021-09-13,00023768,11:39:51,X,0,ZC4008,0,0,310,F,KER,N,KER,"",4221,2023-10-30 20:03:47.814908,t,2023-10-30 20:03:47.814909
6069,2021-11-11,00036342,13:00:34,KESO/4221/ZC4010/ATF/R1/2021-22/191,2021-11-11,"Other than shortest route, as recom",KER,0,,375.2,2024-11-10,2021-11-11,00023768,11:30:41,"",0,ZC4010,0,0,310,F,KER,N,KER,"",4221,2023-10-30 20:03:47.816816,t,2023-10-30 20:03:47.816818
313556,2019-08-29,00502556,16:16:14,CAO/RTD/KRL DT: 07.08.2019,2019-08-07,approved,WS,0,,39,2022-08-06,2019-08-28,00040408,18:51:17,X,0,0000143317,0,0,310,F,KER,N,KER,"",4221,2023-11-06 17:36:20.879869,t,2023-11-06 17:36:20.879971
313557,2019-08-29,00502556,16:15:11,CAO/RTD/KOTTAYAM DT: 07.08.2019,2019-08-07,ok,WS,0,,126,2022-08-06,2019-08-28,00040408,18:53:38,X,0,0000141566,0,0,310,F,KER,N,KER,"",4221,2023-11-06 17:36:20.908037,t,2023-11-06 17:36:20.908093
313558,2021-12-15,00081719,10:01:02,Mail  from BP,2021-12-15,Approved,SS,0,,26,2022-01-12,2021-12-14,00029621,18:49:23,X,0,ZC4272,0,0,310,P,KER,N,KER,"",4221,2023-11-06 17:36:20.914452,t,2023-11-06 17:36:20.914502
313559,2019-11-01,00502556,13:47:34, RTD/4221/CO/11111/1/20190401,2019-11-01,approved,KER,0,,290,2022-09-25,2019-10-09,00036369,16:54:17,"",0,0000240166,0,0,310,F,KER,N,KER,"",4221,2023-11-06 17:36:20.920461,t,2023-11-06 17:36:20.920507
313560,2021-05-10,00081719,13:32:42,KES-RTD/4271/Bulk/2018-19/0628,2021-05-10,Approved,SS,0,,330,2022-10-02,2021-05-10,00036369,13:17:51,"",0,ZC4271,0,0,310,F,KER,N,KER,"",4221,2023-11-06 17:36:20.927968,t,2023-11-06 17:36:20.928023
313561,2019-08-29,00502556,16:15:38,CAO/RTD/KOTTAYAM DT: 07.08.2019,2019-08-29,approved,WS,0,,129,2022-08-06,2019-08-28,00040408,18:54:25,X,0,0000143273,0,0,310,F,KER,N,KER,"",4221,2023-11-06 17:36:20.936187,t,2023-11-06 17:36:20.936236
313562,2021-03-09,00081719,15:39:59,TNS-RTD/4179/Bulk/2018-19/0531,2021-03-09,Approved,OS,0,,402,2022-05-07,2021-03-09,00017801,14:25:23,"",0,ZC179S,0,0,310,F,TN,N,KER,"",4221,2023-11-06 17:36:20.943185,t,2023-11-06 17:36:20.943464
313563,2021-03-09,00081719,16:27:05,TNS-RTD/4179/Bulk/2018-19/0531,2021-03-09,Approved,OS,0,,402,2022-05-07,2021-03-09,00017801,16:18:49,"",0,ZC4179,0,0,310,F,TN,N,KER,"",4221,2023-11-06 17:36:20.950316,t,2023-11-06 17:36:20.95036
313564,2019-07-03,00507996,14:51:46,TNS-RTD//Bulk/2018-19/0529,2019-07-03,Approved,OS,0,,519,2022-07-02,2019-07-03,00017801,14:13:58,"",0,ZC177S,0,0,310,F,TN,N,KER,"",4221,2023-11-06 17:36:20.956202,t,2023-11-06 17:36:20.956319
313565,2019-07-03,00507996,15:56:28,TNS-RTD//Bulk/2018-19/0529,2019-07-03,Approved,OS,0,,519,2022-06-16,2019-07-03,00017801,14:12:56,"",0,ZC4177,0,0,310,F,TN,N,KER,"",4221,2023-11-06 17:36:20.962598,t,2023-11-06 17:36:20.962653
313566,2021-08-27,00036342,17:05:01,RTD/4221/CO/135080/1/20190328,2021-08-27,as per mail dated 27.08.2021.,KER,0,,251,2022-09-24,2021-08-27,00024648,16:58:50,"",0,0000135080,175.00,350.00,310,F,KER,N,KER,"",4221,2023-11-06 17:36:20.968652,t,2023-11-06 17:36:20.968694
313567,2021-12-10,00081719,15:49:23,CGM aproval,2021-12-10,Approved,KER,0,,428.3,2024-12-08,2021-12-09,00500341,18:06:25,"",0,ZC4009,0,550.00,310,F,KER,N,KER,"",4221,2023-11-06 17:36:20.974603,t,2023-11-06 17:36:20.974648
313568,2021-11-07,00036342,20:54:30,KESO/4221/ZC4029/ATF/R2/2021-22/188,2021-11-08,"Other than shortest route, as recom",KER,0,,571.9,2024-11-07,2021-11-02,00023768,13:38:39,"",0,ZC4029,0,0,310,F,KER,N,KER,"",4221,2023-11-06 17:36:20.980327,t,2023-11-06 17:36:20.980375
313569,2021-09-14,00036342,10:08:42,KESO/4221/ZC4008/ATF/R1/2021-22/176,2021-09-14,"Shortest route, as recommended by t",KER,0,,26.5,2024-09-13,2021-09-13,00023768,11:39:51,X,0,ZC4008,0,0,310,F,KER,N,KER,"",4221,2023-11-06 17:36:20.985815,t,2023-11-06 17:36:20.985862
313570,2021-11-11,00036342,13:00:34,KESO/4221/ZC4010/ATF/R1/2021-22/191,2021-11-11,"Other than shortest route, as recom",KER,0,,375.2,2024-11-10,2021-11-11,00023768,11:30:41,"",0,ZC4010,0,0,310,F,KER,N,KER,"",4221,2023-11-06 17:36:20.991654,t,2023-11-06 17:36:20.991702
332478,2019-08-29,00502556,16:16:14,CAO/RTD/KRL DT: 07.08.2019,2019-08-07,approved,WS,0,,39,2022-08-06,2019-08-28,00040408,18:51:17,X,0,0000143317,0,0,310,F,KER,N,KER,"",4221,2023-11-06 20:47:17.294484,t,2023-11-06 20:47:17.294574
332479,2019-08-29,00502556,16:15:11,CAO/RTD/KOTTAYAM DT: 07.08.2019,2019-08-07,ok,WS,0,,126,2022-08-06,2019-08-28,00040408,18:53:38,X,0,0000141566,0,0,310,F,KER,N,KER,"",4221,2023-11-06 20:47:17.322525,t,2023-11-06 20:47:17.322579
332480,2021-12-15,00081719,10:01:02,Mail  from BP,2021-12-15,Approved,SS,0,,26,2022-01-12,2021-12-14,00029621,18:49:23,X,0,ZC4272,0,0,310,P,KER,N,KER,"",4221,2023-11-06 20:47:17.328037,t,2023-11-06 20:47:17.32808
332481,2019-11-01,00502556,13:47:34, RTD/4221/CO/11111/1/20190401,2019-11-01,approved,KER,0,,290,2022-09-25,2019-10-09,00036369,16:54:17,"",0,0000240166,0,0,310,F,KER,N,KER,"",4221,2023-11-06 20:47:17.333351,t,2023-11-06 20:47:17.333399
332482,2021-05-10,00081719,13:32:42,KES-RTD/4271/Bulk/2018-19/0628,2021-05-10,Approved,SS,0,,330,2022-10-02,2021-05-10,00036369,13:17:51,"",0,ZC4271,0,0,310,F,KER,N,KER,"",4221,2023-11-06 20:47:17.338895,t,2023-11-06 20:47:17.33894
332483,2019-08-29,00502556,16:15:38,CAO/RTD/KOTTAYAM DT: 07.08.2019,2019-08-29,approved,WS,0,,129,2022-08-06,2019-08-28,00040408,18:54:25,X,0,0000143273,0,0,310,F,KER,N,KER,"",4221,2023-11-06 20:47:17.345464,t,2023-11-06 20:47:17.345509
332484,2021-03-09,00081719,15:39:59,TNS-RTD/4179/Bulk/2018-19/0531,2021-03-09,Approved,OS,0,,402,2022-05-07,2021-03-09,00017801,14:25:23,"",0,ZC179S,0,0,310,F,TN,N,KER,"",4221,2023-11-06 20:47:17.357268,t,2023-11-06 20:47:17.357351
332485,2021-03-09,00081719,16:27:05,TNS-RTD/4179/Bulk/2018-19/0531,2021-03-09,Approved,OS,0,,402,2022-05-07,2021-03-09,00017801,16:18:49,"",0,ZC4179,0,0,310,F,TN,N,KER,"",4221,2023-11-06 20:47:17.364444,t,2023-11-06 20:47:17.364495
332486,2019-07-03,00507996,14:51:46,TNS-RTD//Bulk/2018-19/0529,2019-07-03,Approved,OS,0,,519,2022-07-02,2019-07-03,00017801,14:13:58,"",0,ZC177S,0,0,310,F,TN,N,KER,"",4221,2023-11-06 20:47:17.370544,t,2023-11-06 20:47:17.370631
332487,2019-07-03,00507996,15:56:28,TNS-RTD//Bulk/2018-19/0529,2019-07-03,Approved,OS,0,,519,2022-06-16,2019-07-03,00017801,14:12:56,"",0,ZC4177,0,0,310,F,TN,N,KER,"",4221,2023-11-06 20:47:17.377074,t,2023-11-06 20:47:17.377119
332488,2021-08-27,00036342,17:05:01,RTD/4221/CO/135080/1/20190328,2021-08-27,as per mail dated 27.08.2021.,KER,0,,251,2022-09-24,2021-08-27,00024648,16:58:50,"",0,0000135080,175.00,350.00,310,F,KER,N,KER,"",4221,2023-11-06 20:47:17.383826,t,2023-11-06 20:47:17.383878
332489,2021-12-10,00081719,15:49:23,CGM aproval,2021-12-10,Approved,KER,0,,428.3,2024-12-08,2021-12-09,00500341,18:06:25,"",0,ZC4009,0,550.00,310,F,KER,N,KER,"",4221,2023-11-06 20:47:17.390164,t,2023-11-06 20:47:17.390216
332490,2021-11-07,00036342,20:54:30,KESO/4221/ZC4029/ATF/R2/2021-22/188,2021-11-08,"Other than shortest route, as recom",KER,0,,571.9,2024-11-07,2021-11-02,00023768,13:38:39,"",0,ZC4029,0,0,310,F,KER,N,KER,"",4221,2023-11-06 20:47:17.396859,t,2023-11-06 20:47:17.396917
332491,2021-09-14,00036342,10:08:42,KESO/4221/ZC4008/ATF/R1/2021-22/176,2021-09-14,"Shortest route, as recommended by t",KER,0,,26.5,2024-09-13,2021-09-13,00023768,11:39:51,X,0,ZC4008,0,0,310,F,KER,N,KER,"",4221,2023-11-06 20:47:17.404793,t,2023-11-06 20:47:17.40485
332492,2021-11-11,00036342,13:00:34,KESO/4221/ZC4010/ATF/R1/2021-22/191,2021-11-11,"Other than shortest route, as recom",KER,0,,375.2,2024-11-10,2021-11-11,00023768,11:30:41,"",0,ZC4010,0,0,310,F,KER,N,KER,"",4221,2023-11-06 20:47:17.41189,t,2023-11-06 20:47:17.411933
332495,2019-08-29,00502556,16:16:14,CAO/RTD/KRL DT: 07.08.2019,2019-08-07,approved,WS,0,,39,2022-08-06,2019-08-28,00040408,18:51:17,X,0,0000143317,0,0,310,F,KER,N,KER,"",4221,2023-11-06 20:47:32.7592,t,2023-11-06 20:47:32.759258
332496,2019-08-29,00502556,16:15:11,CAO/RTD/KOTTAYAM DT: 07.08.2019,2019-08-07,ok,WS,0,,126,2022-08-06,2019-08-28,00040408,18:53:38,X,0,0000141566,0,0,310,F,KER,N,KER,"",4221,2023-11-06 20:47:32.768071,t,2023-11-06 20:47:32.768127
332497,2021-12-15,00081719,10:01:02,Mail  from BP,2021-12-15,Approved,SS,0,,26,2022-01-12,2021-12-14,00029621,18:49:23,X,0,ZC4272,0,0,310,P,KER,N,KER,"",4221,2023-11-06 20:47:32.773284,t,2023-11-06 20:47:32.773368
332498,2019-11-01,00502556,13:47:34, RTD/4221/CO/11111/1/20190401,2019-11-01,approved,KER,0,,290,2022-09-25,2019-10-09,00036369,16:54:17,"",0,0000240166,0,0,310,F,KER,N,KER,"",4221,2023-11-06 20:47:32.778838,t,2023-11-06 20:47:32.77888
332499,2021-05-10,00081719,13:32:42,KES-RTD/4271/Bulk/2018-19/0628,2021-05-10,Approved,SS,0,,330,2022-10-02,2021-05-10,00036369,13:17:51,"",0,ZC4271,0,0,310,F,KER,N,KER,"",4221,2023-11-06 20:47:32.784421,t,2023-11-06 20:47:32.784465
332500,2019-08-29,00502556,16:15:38,CAO/RTD/KOTTAYAM DT: 07.08.2019,2019-08-29,approved,WS,0,,129,2022-08-06,2019-08-28,00040408,18:54:25,X,0,0000143273,0,0,310,F,KER,N,KER,"",4221,2023-11-06 20:47:32.790227,t,2023-11-06 20:47:32.79027
332501,2021-03-09,00081719,15:39:59,TNS-RTD/4179/Bulk/2018-19/0531,2021-03-09,Approved,OS,0,,402,2022-05-07,2021-03-09,00017801,14:25:23,"",0,ZC179S,0,0,310,F,TN,N,KER,"",4221,2023-11-06 20:47:32.796809,t,2023-11-06 20:47:32.796852
332502,2021-03-09,00081719,16:27:05,TNS-RTD/4179/Bulk/2018-19/0531,2021-03-09,Approved,OS,0,,402,2022-05-07,2021-03-09,00017801,16:18:49,"",0,ZC4179,0,0,310,F,TN,N,KER,"",4221,2023-11-06 20:47:32.802249,t,2023-11-06 20:47:32.802291
332503,2019-07-03,00507996,14:51:46,TNS-RTD//Bulk/2018-19/0529,2019-07-03,Approved,OS,0,,519,2022-07-02,2019-07-03,00017801,14:13:58,"",0,ZC177S,0,0,310,F,TN,N,KER,"",4221,2023-11-06 20:47:32.808086,t,2023-11-06 20:47:32.80813
332504,2019-07-03,00507996,15:56:28,TNS-RTD//Bulk/2018-19/0529,2019-07-03,Approved,OS,0,,519,2022-06-16,2019-07-03,00017801,14:12:56,"",0,ZC4177,0,0,310,F,TN,N,KER,"",4221,2023-11-06 20:47:32.814917,t,2023-11-06 20:47:32.814961
332505,2021-08-27,00036342,17:05:01,RTD/4221/CO/135080/1/20190328,2021-08-27,as per mail dated 27.08.2021.,KER,0,,251,2022-09-24,2021-08-27,00024648,16:58:50,"",0,0000135080,175.00,350.00,310,F,KER,N,KER,"",4221,2023-11-06 20:47:32.820463,t,2023-11-06 20:47:32.820506
332506,2021-12-10,00081719,15:49:23,CGM aproval,2021-12-10,Approved,KER,0,,428.3,2024-12-08,2021-12-09,00500341,18:06:25,"",0,ZC4009,0,550.00,310,F,KER,N,KER,"",4221,2023-11-06 20:47:32.827947,t,2023-11-06 20:47:32.827996
332507,2021-11-07,00036342,20:54:30,KESO/4221/ZC4029/ATF/R2/2021-22/188,2021-11-08,"Other than shortest route, as recom",KER,0,,571.9,2024-11-07,2021-11-02,00023768,13:38:39,"",0,ZC4029,0,0,310,F,KER,N,KER,"",4221,2023-11-06 20:47:32.833134,t,2023-11-06 20:47:32.833178
332508,2021-09-14,00036342,10:08:42,KESO/4221/ZC4008/ATF/R1/2021-22/176,2021-09-14,"Shortest route, as recommended by t",KER,0,,26.5,2024-09-13,2021-09-13,00023768,11:39:51,X,0,ZC4008,0,0,310,F,KER,N,KER,"",4221,2023-11-06 20:47:32.838702,t,2023-11-06 20:47:32.838784
332509,2021-11-11,00036342,13:00:34,KESO/4221/ZC4010/ATF/R1/2021-22/191,2021-11-11,"Other than shortest route, as recom",KER,0,,375.2,2024-11-10,2021-11-11,00023768,11:30:41,"",0,ZC4010,0,0,310,F,KER,N,KER,"",4221,2023-11-06 20:47:32.844735,t,2023-11-06 20:47:32.844787
332512,2019-08-29,00502556,16:16:14,CAO/RTD/KRL DT: 07.08.2019,2019-08-07,approved,WS,0,,39,2022-08-06,2019-08-28,00040408,18:51:17,X,0,0000143317,0,0,310,F,KER,N,KER,"",4221,2023-11-07 13:23:07.859771,t,2023-11-07 13:23:07.859851
332513,2019-08-29,00502556,16:15:11,CAO/RTD/KOTTAYAM DT: 07.08.2019,2019-08-07,ok,WS,0,,126,2022-08-06,2019-08-28,00040408,18:53:38,X,0,0000141566,0,0,310,F,KER,N,KER,"",4221,2023-11-07 13:23:07.887296,t,2023-11-07 13:23:07.887344
332514,2021-12-15,00081719,10:01:02,Mail  from BP,2021-12-15,Approved,SS,0,,26,2022-01-12,2021-12-14,00029621,18:49:23,X,0,ZC4272,0,0,310,P,KER,N,KER,"",4221,2023-11-07 13:23:07.892402,t,2023-11-07 13:23:07.892441
332515,2019-11-01,00502556,13:47:34, RTD/4221/CO/11111/1/20190401,2019-11-01,approved,KER,0,,290,2022-09-25,2019-10-09,00036369,16:54:17,"",0,0000240166,0,0,310,F,KER,N,KER,"",4221,2023-11-07 13:23:07.898619,t,2023-11-07 13:23:07.898662
332516,2021-05-10,00081719,13:32:42,KES-RTD/4271/Bulk/2018-19/0628,2021-05-10,Approved,SS,0,,330,2022-10-02,2021-05-10,00036369,13:17:51,"",0,ZC4271,0,0,310,F,KER,N,KER,"",4221,2023-11-07 13:23:07.903984,t,2023-11-07 13:23:07.904026
332517,2019-08-29,00502556,16:15:38,CAO/RTD/KOTTAYAM DT: 07.08.2019,2019-08-29,approved,WS,0,,129,2022-08-06,2019-08-28,00040408,18:54:25,X,0,0000143273,0,0,310,F,KER,N,KER,"",4221,2023-11-07 13:23:07.910461,t,2023-11-07 13:23:07.910503
332518,2021-03-09,00081719,15:39:59,TNS-RTD/4179/Bulk/2018-19/0531,2021-03-09,Approved,OS,0,,402,2022-05-07,2021-03-09,00017801,14:25:23,"",0,ZC179S,0,0,310,F,TN,N,KER,"",4221,2023-11-07 13:23:07.915811,t,2023-11-07 13:23:07.915859
332519,2021-03-09,00081719,16:27:05,TNS-RTD/4179/Bulk/2018-19/0531,2021-03-09,Approved,OS,0,,402,2022-05-07,2021-03-09,00017801,16:18:49,"",0,ZC4179,0,0,310,F,TN,N,KER,"",4221,2023-11-07 13:23:07.921795,t,2023-11-07 13:23:07.921836
332520,2019-07-03,00507996,14:51:46,TNS-RTD//Bulk/2018-19/0529,2019-07-03,Approved,OS,0,,519,2022-07-02,2019-07-03,00017801,14:13:58,"",0,ZC177S,0,0,310,F,TN,N,KER,"",4221,2023-11-07 13:23:07.926915,t,2023-11-07 13:23:07.926959
332521,2019-07-03,00507996,15:56:28,TNS-RTD//Bulk/2018-19/0529,2019-07-03,Approved,OS,0,,519,2022-06-16,2019-07-03,00017801,14:12:56,"",0,ZC4177,0,0,310,F,TN,N,KER,"",4221,2023-11-07 13:23:07.932024,t,2023-11-07 13:23:07.932065
332522,2021-08-27,00036342,17:05:01,RTD/4221/CO/135080/1/20190328,2021-08-27,as per mail dated 27.08.2021.,KER,0,,251,2022-09-24,2021-08-27,00024648,16:58:50,"",0,0000135080,175.00,350.00,310,F,KER,N,KER,"",4221,2023-11-07 13:23:07.937319,t,2023-11-07 13:23:07.937364
332523,2021-12-10,00081719,15:49:23,CGM aproval,2021-12-10,Approved,KER,0,,428.3,2024-12-08,2021-12-09,00500341,18:06:25,"",0,ZC4009,0,550.00,310,F,KER,N,KER,"",4221,2023-11-07 13:23:07.942424,t,2023-11-07 13:23:07.942464
332524,2021-11-07,00036342,20:54:30,KESO/4221/ZC4029/ATF/R2/2021-22/188,2021-11-08,"Other than shortest route, as recom",KER,0,,571.9,2024-11-07,2021-11-02,00023768,13:38:39,"",0,ZC4029,0,0,310,F,KER,N,KER,"",4221,2023-11-07 13:23:07.947468,t,2023-11-07 13:23:07.947507
332525,2021-09-14,00036342,10:08:42,KESO/4221/ZC4008/ATF/R1/2021-22/176,2021-09-14,"Shortest route, as recommended by t",KER,0,,26.5,2024-09-13,2021-09-13,00023768,11:39:51,X,0,ZC4008,0,0,310,F,KER,N,KER,"",4221,2023-11-07 13:23:07.952877,t,2023-11-07 13:23:07.952918
332526,2021-11-11,00036342,13:00:34,KESO/4221/ZC4010/ATF/R1/2021-22/191,2021-11-11,"Other than shortest route, as recom",KER,0,,375.2,2024-11-10,2021-11-11,00023768,11:30:41,"",0,ZC4010,0,0,310,F,KER,N,KER,"",4221,2023-11-07 13:23:07.958282,t,2023-11-07 13:23:07.958326
332529,2019-08-29,00502556,16:16:14,CAO/RTD/KRL DT: 07.08.2019,2019-08-07,approved,WS,0,,39,2022-08-06,2019-08-28,00040408,18:51:17,X,0,0000143317,0,0,310,F,KER,N,KER,"",4221,2023-11-07 15:09:02.130802,t,2023-11-07 15:09:02.130897
332530,2019-08-29,00502556,16:15:11,CAO/RTD/KOTTAYAM DT: 07.08.2019,2019-08-07,ok,WS,0,,126,2022-08-06,2019-08-28,00040408,18:53:38,X,0,0000141566,0,0,310,F,KER,N,KER,"",4221,2023-11-07 15:09:02.159364,t,2023-11-07 15:09:02.159418
332531,2021-12-15,00081719,10:01:02,Mail  from BP,2021-12-15,Approved,SS,0,,26,2022-01-12,2021-12-14,00029621,18:49:23,X,0,ZC4272,0,0,310,P,KER,N,KER,"",4221,2023-11-07 15:09:02.165414,t,2023-11-07 15:09:02.165459
332532,2019-11-01,00502556,13:47:34, RTD/4221/CO/11111/1/20190401,2019-11-01,approved,KER,0,,290,2022-09-25,2019-10-09,00036369,16:54:17,"",0,0000240166,0,0,310,F,KER,N,KER,"",4221,2023-11-07 15:09:02.171003,t,2023-11-07 15:09:02.171049
332533,2021-05-10,00081719,13:32:42,KES-RTD/4271/Bulk/2018-19/0628,2021-05-10,Approved,SS,0,,330,2022-10-02,2021-05-10,00036369,13:17:51,"",0,ZC4271,0,0,310,F,KER,N,KER,"",4221,2023-11-07 15:09:02.176621,t,2023-11-07 15:09:02.176667
332534,2019-08-29,00502556,16:15:38,CAO/RTD/KOTTAYAM DT: 07.08.2019,2019-08-29,approved,WS,0,,129,2022-08-06,2019-08-28,00040408,18:54:25,X,0,0000143273,0,0,310,F,KER,N,KER,"",4221,2023-11-07 15:09:02.183651,t,2023-11-07 15:09:02.183698
332535,2021-03-09,00081719,15:39:59,TNS-RTD/4179/Bulk/2018-19/0531,2021-03-09,Approved,OS,0,,402,2022-05-07,2021-03-09,00017801,14:25:23,"",0,ZC179S,0,0,310,F,TN,N,KER,"",4221,2023-11-07 15:09:02.189371,t,2023-11-07 15:09:02.189425
332536,2021-03-09,00081719,16:27:05,TNS-RTD/4179/Bulk/2018-19/0531,2021-03-09,Approved,OS,0,,402,2022-05-07,2021-03-09,00017801,16:18:49,"",0,ZC4179,0,0,310,F,TN,N,KER,"",4221,2023-11-07 15:09:02.195708,t,2023-11-07 15:09:02.195754
332537,2019-07-03,00507996,14:51:46,TNS-RTD//Bulk/2018-19/0529,2019-07-03,Approved,OS,0,,519,2022-07-02,2019-07-03,00017801,14:13:58,"",0,ZC177S,0,0,310,F,TN,N,KER,"",4221,2023-11-07 15:09:02.201168,t,2023-11-07 15:09:02.201219
332538,2019-07-03,00507996,15:56:28,TNS-RTD//Bulk/2018-19/0529,2019-07-03,Approved,OS,0,,519,2022-06-16,2019-07-03,00017801,14:12:56,"",0,ZC4177,0,0,310,F,TN,N,KER,"",4221,2023-11-07 15:09:02.206963,t,2023-11-07 15:09:02.207008
332539,2021-08-27,00036342,17:05:01,RTD/4221/CO/135080/1/20190328,2021-08-27,as per mail dated 27.08.2021.,KER,0,,251,2022-09-24,2021-08-27,00024648,16:58:50,"",0,0000135080,175.00,350.00,310,F,KER,N,KER,"",4221,2023-11-07 15:09:02.212667,t,2023-11-07 15:09:02.212717
332540,2021-12-10,00081719,15:49:23,CGM aproval,2021-12-10,Approved,KER,0,,428.3,2024-12-08,2021-12-09,00500341,18:06:25,"",0,ZC4009,0,550.00,310,F,KER,N,KER,"",4221,2023-11-07 15:09:02.218193,t,2023-11-07 15:09:02.218237
332541,2021-11-07,00036342,20:54:30,KESO/4221/ZC4029/ATF/R2/2021-22/188,2021-11-08,"Other than shortest route, as recom",KER,0,,571.9,2024-11-07,2021-11-02,00023768,13:38:39,"",0,ZC4029,0,0,310,F,KER,N,KER,"",4221,2023-11-07 15:09:02.223815,t,2023-11-07 15:09:02.223859
332542,2021-09-14,00036342,10:08:42,KESO/4221/ZC4008/ATF/R1/2021-22/176,2021-09-14,"Shortest route, as recommended by t",KER,0,,26.5,2024-09-13,2021-09-13,00023768,11:39:51,X,0,ZC4008,0,0,310,F,KER,N,KER,"",4221,2023-11-07 15:09:02.229527,t,2023-11-07 15:09:02.229579
332543,2021-11-11,00036342,13:00:34,KESO/4221/ZC4010/ATF/R1/2021-22/191,2021-11-11,"Other than shortest route, as recom",KER,0,,375.2,2024-11-10,2021-11-11,00023768,11:30:41,"",0,ZC4010,0,0,310,F,KER,N,KER,"",4221,2023-11-07 15:09:02.235605,t,2023-11-07 15:09:02.235654
340569,2019-08-29,00502556,16:16:14,CAO/RTD/KRL DT: 07.08.2019,2019-08-07,approved,WS,0,,39,2022-08-06,2019-08-28,00040408,18:51:17,X,0,0000143317,0,0,310,F,KER,N,KER,"",4221,2023-11-07 15:44:00.403982,t,2023-11-07 15:44:00.404078
340570,2019-08-29,00502556,16:15:11,CAO/RTD/KOTTAYAM DT: 07.08.2019,2019-08-07,ok,WS,0,,126,2022-08-06,2019-08-28,00040408,18:53:38,X,0,0000141566,0,0,310,F,KER,N,KER,"",4221,2023-11-07 15:44:00.434035,t,2023-11-07 15:44:00.434095
340571,2021-12-15,00081719,10:01:02,Mail  from BP,2021-12-15,Approved,SS,0,,26,2022-01-12,2021-12-14,00029621,18:49:23,X,0,ZC4272,0,0,310,P,KER,N,KER,"",4221,2023-11-07 15:44:00.441156,t,2023-11-07 15:44:00.441218
340572,2019-11-01,00502556,13:47:34, RTD/4221/CO/11111/1/20190401,2019-11-01,approved,KER,0,,290,2022-09-25,2019-10-09,00036369,16:54:17,"",0,0000240166,0,0,310,F,KER,N,KER,"",4221,2023-11-07 15:44:00.448253,t,2023-11-07 15:44:00.448337
340573,2021-05-10,00081719,13:32:42,KES-RTD/4271/Bulk/2018-19/0628,2021-05-10,Approved,SS,0,,330,2022-10-02,2021-05-10,00036369,13:17:51,"",0,ZC4271,0,0,310,F,KER,N,KER,"",4221,2023-11-07 15:44:00.456817,t,2023-11-07 15:44:00.456874
340574,2019-08-29,00502556,16:15:38,CAO/RTD/KOTTAYAM DT: 07.08.2019,2019-08-29,approved,WS,0,,129,2022-08-06,2019-08-28,00040408,18:54:25,X,0,0000143273,0,0,310,F,KER,N,KER,"",4221,2023-11-07 15:44:00.465431,t,2023-11-07 15:44:00.465493
340575,2021-03-09,00081719,15:39:59,TNS-RTD/4179/Bulk/2018-19/0531,2021-03-09,Approved,OS,0,,402,2022-05-07,2021-03-09,00017801,14:25:23,"",0,ZC179S,0,0,310,F,TN,N,KER,"",4221,2023-11-07 15:44:00.472226,t,2023-11-07 15:44:00.472295
340576,2021-03-09,00081719,16:27:05,TNS-RTD/4179/Bulk/2018-19/0531,2021-03-09,Approved,OS,0,,402,2022-05-07,2021-03-09,00017801,16:18:49,"",0,ZC4179,0,0,310,F,TN,N,KER,"",4221,2023-11-07 15:44:00.479547,t,2023-11-07 15:44:00.479612
340577,2019-07-03,00507996,14:51:46,TNS-RTD//Bulk/2018-19/0529,2019-07-03,Approved,OS,0,,519,2022-07-02,2019-07-03,00017801,14:13:58,"",0,ZC177S,0,0,310,F,TN,N,KER,"",4221,2023-11-07 15:44:00.487525,t,2023-11-07 15:44:00.487597
340578,2019-07-03,00507996,15:56:28,TNS-RTD//Bulk/2018-19/0529,2019-07-03,Approved,OS,0,,519,2022-06-16,2019-07-03,00017801,14:12:56,"",0,ZC4177,0,0,310,F,TN,N,KER,"",4221,2023-11-07 15:44:00.495799,t,2023-11-07 15:44:00.495866
340579,2021-08-27,00036342,17:05:01,RTD/4221/CO/135080/1/20190328,2021-08-27,as per mail dated 27.08.2021.,KER,0,,251,2022-09-24,2021-08-27,00024648,16:58:50,"",0,0000135080,175.00,350.00,310,F,KER,N,KER,"",4221,2023-11-07 15:44:00.502928,t,2023-11-07 15:44:00.503325
340580,2021-12-10,00081719,15:49:23,CGM aproval,2021-12-10,Approved,KER,0,,428.3,2024-12-08,2021-12-09,00500341,18:06:25,"",0,ZC4009,0,550.00,310,F,KER,N,KER,"",4221,2023-11-07 15:44:00.50963,t,2023-11-07 15:44:00.509675
340581,2021-11-07,00036342,20:54:30,KESO/4221/ZC4029/ATF/R2/2021-22/188,2021-11-08,"Other than shortest route, as recom",KER,0,,571.9,2024-11-07,2021-11-02,00023768,13:38:39,"",0,ZC4029,0,0,310,F,KER,N,KER,"",4221,2023-11-07 15:44:00.515658,t,2023-11-07 15:44:00.515715
340582,2021-09-14,00036342,10:08:42,KESO/4221/ZC4008/ATF/R1/2021-22/176,2021-09-14,"Shortest route, as recommended by t",KER,0,,26.5,2024-09-13,2021-09-13,00023768,11:39:51,X,0,ZC4008,0,0,310,F,KER,N,KER,"",4221,2023-11-07 15:44:00.521383,t,2023-11-07 15:44:00.52143
340583,2021-11-11,00036342,13:00:34,KESO/4221/ZC4010/ATF/R1/2021-22/191,2021-11-11,"Other than shortest route, as recom",KER,0,,375.2,2024-11-10,2021-11-11,00023768,11:30:41,"",0,ZC4010,0,0,310,F,KER,N,KER,"",4221,2023-11-07 15:44:00.527841,t,2023-11-07 15:44:00.527887
343766,2019-08-29,00502556,16:16:14,CAO/RTD/KRL DT: 07.08.2019,2019-08-07,approved,WS,0,,39,2022-08-06,2019-08-28,00040408,18:51:17,X,0,0000143317,0,0,310,F,KER,N,KER,"",4221,2023-11-17 16:08:26.756935,t,2023-11-17 16:08:26.756972
343767,2019-08-29,00502556,16:15:11,CAO/RTD/KOTTAYAM DT: 07.08.2019,2019-08-07,ok,WS,0,,126,2022-08-06,2019-08-28,00040408,18:53:38,X,0,0000141566,0,0,310,F,KER,N,KER,"",4221,2023-11-17 16:08:26.766206,t,2023-11-17 16:08:26.766223
343768,2021-12-15,00081719,10:01:02,Mail  from BP,2021-12-15,Approved,SS,0,,26,2022-01-12,2021-12-14,00029621,18:49:23,X,0,ZC4272,0,0,310,P,KER,N,KER,"",4221,2023-11-17 16:08:26.770438,t,2023-11-17 16:08:26.770451
343769,2019-11-01,00502556,13:47:34, RTD/4221/CO/11111/1/20190401,2019-11-01,approved,KER,0,,290,2022-09-25,2019-10-09,00036369,16:54:17,"",0,0000240166,0,0,310,F,KER,N,KER,"",4221,2023-11-17 16:08:26.774453,t,2023-11-17 16:08:26.774507
343770,2021-05-10,00081719,13:32:42,KES-RTD/4271/Bulk/2018-19/0628,2021-05-10,Approved,SS,0,,330,2022-10-02,2021-05-10,00036369,13:17:51,"",0,ZC4271,0,0,310,F,KER,N,KER,"",4221,2023-11-17 16:08:26.778782,t,2023-11-17 16:08:26.778795
343771,2019-08-29,00502556,16:15:38,CAO/RTD/KOTTAYAM DT: 07.08.2019,2019-08-29,approved,WS,0,,129,2022-08-06,2019-08-28,00040408,18:54:25,X,0,0000143273,0,0,310,F,KER,N,KER,"",4221,2023-11-17 16:08:26.783463,t,2023-11-17 16:08:26.783476
343772,2021-03-09,00081719,15:39:59,TNS-RTD/4179/Bulk/2018-19/0531,2021-03-09,Approved,OS,0,,402,2022-05-07,2021-03-09,00017801,14:25:23,"",0,ZC179S,0,0,310,F,TN,N,KER,"",4221,2023-11-17 16:08:26.787318,t,2023-11-17 16:08:26.787329
343773,2021-03-09,00081719,16:27:05,TNS-RTD/4179/Bulk/2018-19/0531,2021-03-09,Approved,OS,0,,402,2022-05-07,2021-03-09,00017801,16:18:49,"",0,ZC4179,0,0,310,F,TN,N,KER,"",4221,2023-11-17 16:08:26.791347,t,2023-11-17 16:08:26.791363
343774,2019-07-03,00507996,14:51:46,TNS-RTD//Bulk/2018-19/0529,2019-07-03,Approved,OS,0,,519,2022-07-02,2019-07-03,00017801,14:13:58,"",0,ZC177S,0,0,310,F,TN,N,KER,"",4221,2023-11-17 16:08:26.795327,t,2023-11-17 16:08:26.795338
343775,2019-07-03,00507996,15:56:28,TNS-RTD//Bulk/2018-19/0529,2019-07-03,Approved,OS,0,,519,2022-06-16,2019-07-03,00017801,14:12:56,"",0,ZC4177,0,0,310,F,TN,N,KER,"",4221,2023-11-17 16:08:26.799613,t,2023-11-17 16:08:26.799625
343776,2021-08-27,00036342,17:05:01,RTD/4221/CO/135080/1/20190328,2021-08-27,as per mail dated 27.08.2021.,KER,0,,251,2022-09-24,2021-08-27,00024648,16:58:50,"",0,0000135080,175.00,350.00,310,F,KER,N,KER,"",4221,2023-11-17 16:08:26.803511,t,2023-11-17 16:08:26.803522
343777,2021-12-10,00081719,15:49:23,CGM aproval,2021-12-10,Approved,KER,0,,428.3,2024-12-08,2021-12-09,00500341,18:06:25,"",0,ZC4009,0,550.00,310,F,KER,N,KER,"",4221,2023-11-17 16:08:26.807746,t,2023-11-17 16:08:26.807758
343778,2021-11-07,00036342,20:54:30,KESO/4221/ZC4029/ATF/R2/2021-22/188,2021-11-08,"Other than shortest route, as recom",KER,0,,571.9,2024-11-07,2021-11-02,00023768,13:38:39,"",0,ZC4029,0,0,310,F,KER,N,KER,"",4221,2023-11-17 16:08:26.811943,t,2023-11-17 16:08:26.811956
343779,2021-09-14,00036342,10:08:42,KESO/4221/ZC4008/ATF/R1/2021-22/176,2021-09-14,"Shortest route, as recommended by t",KER,0,,26.5,2024-09-13,2021-09-13,00023768,11:39:51,X,0,ZC4008,0,0,310,F,KER,N,KER,"",4221,2023-11-17 16:08:26.815922,t,2023-11-17 16:08:26.815933
343780,2021-11-11,00036342,13:00:34,KESO/4221/ZC4010/ATF/R1/2021-22/191,2021-11-11,"Other than shortest route, as recom",KER,0,,375.2,2024-11-10,2021-11-11,00023768,11:30:41,"",0,ZC4010,0,0,310,F,KER,N,KER,"",4221,2023-11-17 16:08:26.820293,t,2023-11-17 16:08:26.820305
391526,2019-08-29,00502556,16:16:14,CAO/RTD/KRL DT: 07.08.2019,2019-08-07,approved,WS,0,,39,2022-08-06,2019-08-28,00040408,18:51:17,X,0,0000143317,0,0,310,F,KER,N,KER,"",4221,2023-11-17 17:17:18.628079,t,2023-11-17 17:17:18.628135
391527,2019-08-29,00502556,16:15:11,CAO/RTD/KOTTAYAM DT: 07.08.2019,2019-08-07,ok,WS,0,,126,2022-08-06,2019-08-28,00040408,18:53:38,X,0,0000141566,0,0,310,F,KER,N,KER,"",4221,2023-11-17 17:17:18.633964,t,2023-11-17 17:17:18.633982
391528,2021-12-15,00081719,10:01:02,Mail  from BP,2021-12-15,Approved,SS,0,,26,2022-01-12,2021-12-14,00029621,18:49:23,X,0,ZC4272,0,0,310,P,KER,N,KER,"",4221,2023-11-17 17:17:18.638428,t,2023-11-17 17:17:18.638446
391529,2019-11-01,00502556,13:47:34, RTD/4221/CO/11111/1/20190401,2019-11-01,approved,KER,0,,290,2022-09-25,2019-10-09,00036369,16:54:17,"",0,0000240166,0,0,310,F,KER,N,KER,"",4221,2023-11-17 17:17:18.642781,t,2023-11-17 17:17:18.642841
391530,2021-05-10,00081719,13:32:42,KES-RTD/4271/Bulk/2018-19/0628,2021-05-10,Approved,SS,0,,330,2022-10-02,2021-05-10,00036369,13:17:51,"",0,ZC4271,0,0,310,F,KER,N,KER,"",4221,2023-11-17 17:17:18.648685,t,2023-11-17 17:17:18.648706
391531,2019-08-29,00502556,16:15:38,CAO/RTD/KOTTAYAM DT: 07.08.2019,2019-08-29,approved,WS,0,,129,2022-08-06,2019-08-28,00040408,18:54:25,X,0,0000143273,0,0,310,F,KER,N,KER,"",4221,2023-11-17 17:17:18.653719,t,2023-11-17 17:17:18.653737
391532,2021-03-09,00081719,15:39:59,TNS-RTD/4179/Bulk/2018-19/0531,2021-03-09,Approved,OS,0,,402,2022-05-07,2021-03-09,00017801,14:25:23,"",0,ZC179S,0,0,310,F,TN,N,KER,"",4221,2023-11-17 17:17:18.660359,t,2023-11-17 17:17:18.660382
391533,2021-03-09,00081719,16:27:05,TNS-RTD/4179/Bulk/2018-19/0531,2021-03-09,Approved,OS,0,,402,2022-05-07,2021-03-09,00017801,16:18:49,"",0,ZC4179,0,0,310,F,TN,N,KER,"",4221,2023-11-17 17:17:18.664663,t,2023-11-17 17:17:18.66468
391534,2019-07-03,00507996,14:51:46,TNS-RTD//Bulk/2018-19/0529,2019-07-03,Approved,OS,0,,519,2022-07-02,2019-07-03,00017801,14:13:58,"",0,ZC177S,0,0,310,F,TN,N,KER,"",4221,2023-11-17 17:17:18.668542,t,2023-11-17 17:17:18.668559
391535,2019-07-03,00507996,15:56:28,TNS-RTD//Bulk/2018-19/0529,2019-07-03,Approved,OS,0,,519,2022-06-16,2019-07-03,00017801,14:12:56,"",0,ZC4177,0,0,310,F,TN,N,KER,"",4221,2023-11-17 17:17:18.674287,t,2023-11-17 17:17:18.674308
391536,2021-08-27,00036342,17:05:01,RTD/4221/CO/135080/1/20190328,2021-08-27,as per mail dated 27.08.2021.,KER,0,,251,2022-09-24,2021-08-27,00024648,16:58:50,"",0,0000135080,175.00,350.00,310,F,KER,N,KER,"",4221,2023-11-17 17:17:18.683489,t,2023-11-17 17:17:18.683515
391537,2021-12-10,00081719,15:49:23,CGM aproval,2021-12-10,Approved,KER,0,,428.3,2024-12-08,2021-12-09,00500341,18:06:25,"",0,ZC4009,0,550.00,310,F,KER,N,KER,"",4221,2023-11-17 17:17:18.689241,t,2023-11-17 17:17:18.68927
391538,2021-11-07,00036342,20:54:30,KESO/4221/ZC4029/ATF/R2/2021-22/188,2021-11-08,"Other than shortest route, as recom",KER,0,,571.9,2024-11-07,2021-11-02,00023768,13:38:39,"",0,ZC4029,0,0,310,F,KER,N,KER,"",4221,2023-11-17 17:17:18.694937,t,2023-11-17 17:17:18.694961
391539,2021-09-14,00036342,10:08:42,KESO/4221/ZC4008/ATF/R1/2021-22/176,2021-09-14,"Shortest route, as recommended by t",KER,0,,26.5,2024-09-13,2021-09-13,00023768,11:39:51,X,0,ZC4008,0,0,310,F,KER,N,KER,"",4221,2023-11-17 17:17:18.700391,t,2023-11-17 17:17:18.700413
391540,2021-11-11,00036342,13:00:34,KESO/4221/ZC4010/ATF/R1/2021-22/191,2021-11-11,"Other than shortest route, as recom",KER,0,,375.2,2024-11-10,2021-11-11,00023768,11:30:41,"",0,ZC4010,0,0,310,F,KER,N,KER,"",4221,2023-11-17 17:17:18.705421,t,2023-11-17 17:17:18.70544
473118,2019-08-29,00502556,16:16:14,CAO/RTD/KRL DT: 07.08.2019,2019-08-07,approved,WS,0,,39,2022-08-06,2019-08-28,00040408,18:51:17,X,0,0000143317,0,0,310,F,KER,N,KER,"",4221,2023-11-24 15:32:05.440465,t,2023-11-24 15:32:05.440475
473119,2019-08-29,00502556,16:15:11,CAO/RTD/KOTTAYAM DT: 07.08.2019,2019-08-07,ok,WS,0,,126,2022-08-06,2019-08-28,00040408,18:53:38,X,0,0000141566,0,0,310,F,KER,N,KER,"",4221,2023-11-24 15:32:05.444035,t,2023-11-24 15:32:05.444042
473120,2021-12-15,00081719,10:01:02,Mail  from BP,2021-12-15,Approved,SS,0,,26,2022-01-12,2021-12-14,00029621,18:49:23,X,0,ZC4272,0,0,310,P,KER,N,KER,"",4221,2023-11-24 15:32:05.447002,t,2023-11-24 15:32:05.447008
473121,2019-11-01,00502556,13:47:34, RTD/4221/CO/11111/1/20190401,2019-11-01,approved,KER,0,,290,2022-09-25,2019-10-09,00036369,16:54:17,"",0,0000240166,0,0,310,F,KER,N,KER,"",4221,2023-11-24 15:32:05.449883,t,2023-11-24 15:32:05.44989
473122,2021-05-10,00081719,13:32:42,KES-RTD/4271/Bulk/2018-19/0628,2021-05-10,Approved,SS,0,,330,2022-10-02,2021-05-10,00036369,13:17:51,"",0,ZC4271,0,0,310,F,KER,N,KER,"",4221,2023-11-24 15:32:05.452745,t,2023-11-24 15:32:05.452751
473123,2019-08-29,00502556,16:15:38,CAO/RTD/KOTTAYAM DT: 07.08.2019,2019-08-29,approved,WS,0,,129,2022-08-06,2019-08-28,00040408,18:54:25,X,0,0000143273,0,0,310,F,KER,N,KER,"",4221,2023-11-24 15:32:05.456421,t,2023-11-24 15:32:05.456427
473124,2021-03-09,00081719,15:39:59,TNS-RTD/4179/Bulk/2018-19/0531,2021-03-09,Approved,OS,0,,402,2022-05-07,2021-03-09,00017801,14:25:23,"",0,ZC179S,0,0,310,F,TN,N,KER,"",4221,2023-11-24 15:32:05.459139,t,2023-11-24 15:32:05.459144
473125,2021-03-09,00081719,16:27:05,TNS-RTD/4179/Bulk/2018-19/0531,2021-03-09,Approved,OS,0,,402,2022-05-07,2021-03-09,00017801,16:18:49,"",0,ZC4179,0,0,310,F,TN,N,KER,"",4221,2023-11-24 15:32:05.461745,t,2023-11-24 15:32:05.461748
473126,2019-07-03,00507996,14:51:46,TNS-RTD//Bulk/2018-19/0529,2019-07-03,Approved,OS,0,,519,2022-07-02,2019-07-03,00017801,14:13:58,"",0,ZC177S,0,0,310,F,TN,N,KER,"",4221,2023-11-24 15:32:05.464854,t,2023-11-24 15:32:05.464858
473127,2019-07-03,00507996,15:56:28,TNS-RTD//Bulk/2018-19/0529,2019-07-03,Approved,OS,0,,519,2022-06-16,2019-07-03,00017801,14:12:56,"",0,ZC4177,0,0,310,F,TN,N,KER,"",4221,2023-11-24 15:32:05.467607,t,2023-11-24 15:32:05.467611
473128,2021-08-27,00036342,17:05:01,RTD/4221/CO/135080/1/20190328,2021-08-27,as per mail dated 27.08.2021.,KER,0,,251,2022-09-24,2021-08-27,00024648,16:58:50,"",0,0000135080,175.00,350.00,310,F,KER,N,KER,"",4221,2023-11-24 15:32:05.470335,t,2023-11-24 15:32:05.470339
473129,2021-12-10,00081719,15:49:23,CGM aproval,2021-12-10,Approved,KER,0,,428.3,2024-12-08,2021-12-09,00500341,18:06:25,"",0,ZC4009,0,550.00,310,F,KER,N,KER,"",4221,2023-11-24 15:32:05.472859,t,2023-11-24 15:32:05.472862
473130,2021-11-07,00036342,20:54:30,KESO/4221/ZC4029/ATF/R2/2021-22/188,2021-11-08,"Other than shortest route, as recom",KER,0,,571.9,2024-11-07,2021-11-02,00023768,13:38:39,"",0,ZC4029,0,0,310,F,KER,N,KER,"",4221,2023-11-24 15:32:05.475599,t,2023-11-24 15:32:05.475604
473131,2021-09-14,00036342,10:08:42,KESO/4221/ZC4008/ATF/R1/2021-22/176,2021-09-14,"Shortest route, as recommended by t",KER,0,,26.5,2024-09-13,2021-09-13,00023768,11:39:51,X,0,ZC4008,0,0,310,F,KER,N,KER,"",4221,2023-11-24 15:32:05.478315,t,2023-11-24 15:32:05.478322
473132,2021-11-11,00036342,13:00:34,KESO/4221/ZC4010/ATF/R1/2021-22/191,2021-11-11,"Other than shortest route, as recom",KER,0,,375.2,2024-11-10,2021-11-11,00023768,11:30:41,"",0,ZC4010,0,0,310,F,KER,N,KER,"",4221,2023-11-24 15:32:05.481279,t,2023-11-24 15:32:05.481286
521394,2019-08-29,00502556,16:16:14,CAO/RTD/KRL DT: 07.08.2019,2019-08-07,approved,WS,0,,39,2022-08-06,2019-08-28,00040408,18:51:17,X,0,0000143317,0,0,310,F,KER,N,KER,"",4221,2023-11-29 13:25:15.123656,t,2023-11-29 13:25:15.123664
521395,2019-08-29,00502556,16:15:11,CAO/RTD/KOTTAYAM DT: 07.08.2019,2019-08-07,ok,WS,0,,126,2022-08-06,2019-08-28,00040408,18:53:38,X,0,0000141566,0,0,310,F,KER,N,KER,"",4221,2023-11-29 13:25:15.127409,t,2023-11-29 13:25:15.127414
521396,2021-12-15,00081719,10:01:02,Mail  from BP,2021-12-15,Approved,SS,0,,26,2022-01-12,2021-12-14,00029621,18:49:23,X,0,ZC4272,0,0,310,P,KER,N,KER,"",4221,2023-11-29 13:25:15.129549,t,2023-11-29 13:25:15.129553
521397,2019-11-01,00502556,13:47:34, RTD/4221/CO/11111/1/20190401,2019-11-01,approved,KER,0,,290,2022-09-25,2019-10-09,00036369,16:54:17,"",0,0000240166,0,0,310,F,KER,N,KER,"",4221,2023-11-29 13:25:15.131955,t,2023-11-29 13:25:15.131959
521398,2021-05-10,00081719,13:32:42,KES-RTD/4271/Bulk/2018-19/0628,2021-05-10,Approved,SS,0,,330,2022-10-02,2021-05-10,00036369,13:17:51,"",0,ZC4271,0,0,310,F,KER,N,KER,"",4221,2023-11-29 13:25:15.133387,t,2023-11-29 13:25:15.13339
521399,2019-08-29,00502556,16:15:38,CAO/RTD/KOTTAYAM DT: 07.08.2019,2019-08-29,approved,WS,0,,129,2022-08-06,2019-08-28,00040408,18:54:25,X,0,0000143273,0,0,310,F,KER,N,KER,"",4221,2023-11-29 13:25:15.137002,t,2023-11-29 13:25:15.137006
521400,2021-03-09,00081719,15:39:59,TNS-RTD/4179/Bulk/2018-19/0531,2021-03-09,Approved,OS,0,,402,2022-05-07,2021-03-09,00017801,14:25:23,"",0,ZC179S,0,0,310,F,TN,N,KER,"",4221,2023-11-29 13:25:15.138335,t,2023-11-29 13:25:15.138339
521401,2021-03-09,00081719,16:27:05,TNS-RTD/4179/Bulk/2018-19/0531,2021-03-09,Approved,OS,0,,402,2022-05-07,2021-03-09,00017801,16:18:49,"",0,ZC4179,0,0,310,F,TN,N,KER,"",4221,2023-11-29 13:25:15.139568,t,2023-11-29 13:25:15.139572
521402,2019-07-03,00507996,14:51:46,TNS-RTD//Bulk/2018-19/0529,2019-07-03,Approved,OS,0,,519,2022-07-02,2019-07-03,00017801,14:13:58,"",0,ZC177S,0,0,310,F,TN,N,KER,"",4221,2023-11-29 13:25:15.14105,t,2023-11-29 13:25:15.141054
521403,2019-07-03,00507996,15:56:28,TNS-RTD//Bulk/2018-19/0529,2019-07-03,Approved,OS,0,,519,2022-06-16,2019-07-03,00017801,14:12:56,"",0,ZC4177,0,0,310,F,TN,N,KER,"",4221,2023-11-29 13:25:15.142319,t,2023-11-29 13:25:15.142322
521404,2021-08-27,00036342,17:05:01,RTD/4221/CO/135080/1/20190328,2021-08-27,as per mail dated 27.08.2021.,KER,0,,251,2022-09-24,2021-08-27,00024648,16:58:50,"",0,0000135080,175.00,350.00,310,F,KER,N,KER,"",4221,2023-11-29 13:25:15.143606,t,2023-11-29 13:25:15.143609
521405,2021-12-10,00081719,15:49:23,CGM aproval,2021-12-10,Approved,KER,0,,428.3,2024-12-08,2021-12-09,00500341,18:06:25,"",0,ZC4009,0,550.00,310,F,KER,N,KER,"",4221,2023-11-29 13:25:15.144773,t,2023-11-29 13:25:15.144777
521406,2021-11-07,00036342,20:54:30,KESO/4221/ZC4029/ATF/R2/2021-22/188,2021-11-08,"Other than shortest route, as recom",KER,0,,571.9,2024-11-07,2021-11-02,00023768,13:38:39,"",0,ZC4029,0,0,310,F,KER,N,KER,"",4221,2023-11-29 13:25:15.145995,t,2023-11-29 13:25:15.145998
521407,2021-09-14,00036342,10:08:42,KESO/4221/ZC4008/ATF/R1/2021-22/176,2021-09-14,"Shortest route, as recommended by t",KER,0,,26.5,2024-09-13,2021-09-13,00023768,11:39:51,X,0,ZC4008,0,0,310,F,KER,N,KER,"",4221,2023-11-29 13:25:15.147164,t,2023-11-29 13:25:15.147167
521408,2021-11-11,00036342,13:00:34,KESO/4221/ZC4010/ATF/R1/2021-22/191,2021-11-11,"Other than shortest route, as recom",KER,0,,375.2,2024-11-10,2021-11-11,00023768,11:30:41,"",0,ZC4010,0,0,310,F,KER,N,KER,"",4221,2023-11-29 13:25:15.148451,t,2023-11-29 13:25:15.148455
522595,2019-08-29,00502556,16:16:14,CAO/RTD/KRL DT: 07.08.2019,2019-08-07,approved,WS,0,,39,2022-08-06,2019-08-28,00040408,18:51:17,X,0,0000143317,0,0,310,F,KER,N,KER,"",4221,2023-11-29 14:22:30.766577,t,2023-11-29 14:22:30.766585
522596,2019-08-29,00502556,16:15:11,CAO/RTD/KOTTAYAM DT: 07.08.2019,2019-08-07,ok,WS,0,,126,2022-08-06,2019-08-28,00040408,18:53:38,X,0,0000141566,0,0,310,F,KER,N,KER,"",4221,2023-11-29 14:22:30.768781,t,2023-11-29 14:22:30.768785
522597,2021-12-15,00081719,10:01:02,Mail  from BP,2021-12-15,Approved,SS,0,,26,2022-01-12,2021-12-14,00029621,18:49:23,X,0,ZC4272,0,0,310,P,KER,N,KER,"",4221,2023-11-29 14:22:30.770295,t,2023-11-29 14:22:30.770299
522598,2019-11-01,00502556,13:47:34, RTD/4221/CO/11111/1/20190401,2019-11-01,approved,KER,0,,290,2022-09-25,2019-10-09,00036369,16:54:17,"",0,0000240166,0,0,310,F,KER,N,KER,"",4221,2023-11-29 14:22:30.772038,t,2023-11-29 14:22:30.772041
522599,2021-05-10,00081719,13:32:42,KES-RTD/4271/Bulk/2018-19/0628,2021-05-10,Approved,SS,0,,330,2022-10-02,2021-05-10,00036369,13:17:51,"",0,ZC4271,0,0,310,F,KER,N,KER,"",4221,2023-11-29 14:22:30.773412,t,2023-11-29 14:22:30.773415
522600,2019-08-29,00502556,16:15:38,CAO/RTD/KOTTAYAM DT: 07.08.2019,2019-08-29,approved,WS,0,,129,2022-08-06,2019-08-28,00040408,18:54:25,X,0,0000143273,0,0,310,F,KER,N,KER,"",4221,2023-11-29 14:22:30.774868,t,2023-11-29 14:22:30.774872
522601,2021-03-09,00081719,15:39:59,TNS-RTD/4179/Bulk/2018-19/0531,2021-03-09,Approved,OS,0,,402,2022-05-07,2021-03-09,00017801,14:25:23,"",0,ZC179S,0,0,310,F,TN,N,KER,"",4221,2023-11-29 14:22:30.776249,t,2023-11-29 14:22:30.776252
522602,2021-03-09,00081719,16:27:05,TNS-RTD/4179/Bulk/2018-19/0531,2021-03-09,Approved,OS,0,,402,2022-05-07,2021-03-09,00017801,16:18:49,"",0,ZC4179,0,0,310,F,TN,N,KER,"",4221,2023-11-29 14:22:30.778406,t,2023-11-29 14:22:30.778411
522603,2019-07-03,00507996,14:51:46,TNS-RTD//Bulk/2018-19/0529,2019-07-03,Approved,OS,0,,519,2022-07-02,2019-07-03,00017801,14:13:58,"",0,ZC177S,0,0,310,F,TN,N,KER,"",4221,2023-11-29 14:22:30.781833,t,2023-11-29 14:22:30.781836
522604,2019-07-03,00507996,15:56:28,TNS-RTD//Bulk/2018-19/0529,2019-07-03,Approved,OS,0,,519,2022-06-16,2019-07-03,00017801,14:12:56,"",0,ZC4177,0,0,310,F,TN,N,KER,"",4221,2023-11-29 14:22:30.783777,t,2023-11-29 14:22:30.78378
522605,2021-08-27,00036342,17:05:01,RTD/4221/CO/135080/1/20190328,2021-08-27,as per mail dated 27.08.2021.,KER,0,,251,2022-09-24,2021-08-27,00024648,16:58:50,"",0,0000135080,175.00,350.00,310,F,KER,N,KER,"",4221,2023-11-29 14:22:30.785305,t,2023-11-29 14:22:30.785308
522606,2021-12-10,00081719,15:49:23,CGM aproval,2021-12-10,Approved,KER,0,,428.3,2024-12-08,2021-12-09,00500341,18:06:25,"",0,ZC4009,0,550.00,310,F,KER,N,KER,"",4221,2023-11-29 14:22:30.786592,t,2023-11-29 14:22:30.786595
522607,2021-11-07,00036342,20:54:30,KESO/4221/ZC4029/ATF/R2/2021-22/188,2021-11-08,"Other than shortest route, as recom",KER,0,,571.9,2024-11-07,2021-11-02,00023768,13:38:39,"",0,ZC4029,0,0,310,F,KER,N,KER,"",4221,2023-11-29 14:22:30.787866,t,2023-11-29 14:22:30.787869
522608,2021-09-14,00036342,10:08:42,KESO/4221/ZC4008/ATF/R1/2021-22/176,2021-09-14,"Shortest route, as recommended by t",KER,0,,26.5,2024-09-13,2021-09-13,00023768,11:39:51,X,0,ZC4008,0,0,310,F,KER,N,KER,"",4221,2023-11-29 14:22:30.789136,t,2023-11-29 14:22:30.789139
522609,2021-11-11,00036342,13:00:34,KESO/4221/ZC4010/ATF/R1/2021-22/191,2021-11-11,"Other than shortest route, as recom",KER,0,,375.2,2024-11-10,2021-11-11,00023768,11:30:41,"",0,ZC4010,0,0,310,F,KER,N,KER,"",4221,2023-11-29 14:22:30.790382,t,2023-11-29 14:22:30.790386
590680,2019-08-29,00502556,16:16:14,CAO/RTD/KRL DT: 07.08.2019,2019-08-07,approved,WS,0,,39,2022-08-06,2019-08-28,00040408,18:51:17,X,0,0000143317,0,0,310,F,KER,N,KER,"",4221,2023-11-29 14:57:49.577,t,2023-11-29 14:57:49.577
590681,2019-08-29,00502556,16:15:11,CAO/RTD/KOTTAYAM DT: 07.08.2019,2019-08-07,ok,WS,0,,126,2022-08-06,2019-08-28,00040408,18:53:38,X,0,0000141566,0,0,310,F,KER,N,KER,"",4221,2023-11-29 14:57:49.58,t,2023-11-29 14:57:49.58
590682,2021-12-15,00081719,10:01:02,Mail  from BP,2021-12-15,Approved,SS,0,,26,2022-01-12,2021-12-14,00029621,18:49:23,X,0,ZC4272,0,0,310,P,KER,N,KER,"",4221,2023-11-29 14:57:49.582,t,2023-11-29 14:57:49.582
590683,2019-11-01,00502556,13:47:34, RTD/4221/CO/11111/1/20190401,2019-11-01,approved,KER,0,,290,2022-09-25,2019-10-09,00036369,16:54:17,"",0,0000240166,0,0,310,F,KER,N,KER,"",4221,2023-11-29 14:57:49.584,t,2023-11-29 14:57:49.584
590684,2021-05-10,00081719,13:32:42,KES-RTD/4271/Bulk/2018-19/0628,2021-05-10,Approved,SS,0,,330,2022-10-02,2021-05-10,00036369,13:17:51,"",0,ZC4271,0,0,310,F,KER,N,KER,"",4221,2023-11-29 14:57:49.587,t,2023-11-29 14:57:49.587
590685,2019-08-29,00502556,16:15:38,CAO/RTD/KOTTAYAM DT: 07.08.2019,2019-08-29,approved,WS,0,,129,2022-08-06,2019-08-28,00040408,18:54:25,X,0,0000143273,0,0,310,F,KER,N,KER,"",4221,2023-11-29 14:57:49.589,t,2023-11-29 14:57:49.589
590686,2021-03-09,00081719,15:39:59,TNS-RTD/4179/Bulk/2018-19/0531,2021-03-09,Approved,OS,0,,402,2022-05-07,2021-03-09,00017801,14:25:23,"",0,ZC179S,0,0,310,F,TN,N,KER,"",4221,2023-11-29 14:57:49.592,t,2023-11-29 14:57:49.592
590687,2021-03-09,00081719,16:27:05,TNS-RTD/4179/Bulk/2018-19/0531,2021-03-09,Approved,OS,0,,402,2022-05-07,2021-03-09,00017801,16:18:49,"",0,ZC4179,0,0,310,F,TN,N,KER,"",4221,2023-11-29 14:57:49.594,t,2023-11-29 14:57:49.594
590688,2019-07-03,00507996,14:51:46,TNS-RTD//Bulk/2018-19/0529,2019-07-03,Approved,OS,0,,519,2022-07-02,2019-07-03,00017801,14:13:58,"",0,ZC177S,0,0,310,F,TN,N,KER,"",4221,2023-11-29 14:57:49.597,t,2023-11-29 14:57:49.597
590689,2019-07-03,00507996,15:56:28,TNS-RTD//Bulk/2018-19/0529,2019-07-03,Approved,OS,0,,519,2022-06-16,2019-07-03,00017801,14:12:56,"",0,ZC4177,0,0,310,F,TN,N,KER,"",4221,2023-11-29 14:57:49.599,t,2023-11-29 14:57:49.599
590690,2021-08-27,00036342,17:05:01,RTD/4221/CO/135080/1/20190328,2021-08-27,as per mail dated 27.08.2021.,KER,0,,251,2022-09-24,2021-08-27,00024648,16:58:50,"",0,0000135080,175.00,350.00,310,F,KER,N,KER,"",4221,2023-11-29 14:57:49.602,t,2023-11-29 14:57:49.602
590691,2021-12-10,00081719,15:49:23,CGM aproval,2021-12-10,Approved,KER,0,,428.3,2022-08-29,2021-12-09,00500341,18:06:25,"",0,ZC4009,0,550.00,310,F,KER,N,KER,"",4221,2023-11-29 14:57:49.605,t,2023-11-29 14:57:49.605
590692,2021-09-14,00036342,10:08:42,KESO/4221/ZC4008/ATF/R1/2021-22/176,2021-09-14,"Shortest route, as recommended by t",KER,0,,26.5,2022-08-29,2021-09-13,00023768,11:39:51,X,0,ZC4008,0,0,310,F,KER,N,KER,"",4221,2023-11-29 14:57:49.607,t,2023-11-29 14:57:49.607
590693,2021-11-07,00036342,20:54:30,KESO/4221/ZC4029/ATF/R2/2021-22/188,2021-11-08,"Other than shortest route, as recom",KER,0,,571.9,2022-08-29,2021-11-02,00023768,13:38:39,"",0,ZC4029,0,0,310,F,KER,N,KER,"",4221,2023-11-29 14:57:49.609,t,2023-11-29 14:57:49.609
590694,2021-11-11,00036342,13:00:34,KESO/4221/ZC4010/ATF/R1/2021-22/191,2021-11-11,"Other than shortest route, as recom",KER,0,,375.2,2022-08-29,2021-11-11,00023768,11:30:41,"",0,ZC4010,0,0,310,F,KER,N,KER,"",4221,2023-11-29 14:57:49.61,t,2023-11-29 14:57:49.61
675443,2019-08-29,00502556,16:16:14,CAO/RTD/KRL DT: 07.08.2019,2019-08-07,approved,WS,0,,39,2022-08-06,2019-08-28,00040408,18:51:17,X,0,0000143317,0,0,310,F,KER,N,KER,"",4221,2023-11-30 17:32:37.768117,t,2023-11-30 17:32:37.768126
675444,2019-08-29,00502556,16:15:11,CAO/RTD/KOTTAYAM DT: 07.08.2019,2019-08-07,ok,WS,0,,126,2022-08-06,2019-08-28,00040408,18:53:38,X,0,0000141566,0,0,310,F,KER,N,KER,"",4221,2023-11-30 17:32:37.770476,t,2023-11-30 17:32:37.770481
675445,2021-12-15,00081719,10:01:02,Mail  from BP,2021-12-15,Approved,SS,0,,26,2022-01-12,2021-12-14,00029621,18:49:23,X,0,ZC4272,0,0,310,P,KER,N,KER,"",4221,2023-11-30 17:32:37.772095,t,2023-11-30 17:32:37.772099
675446,2019-11-01,00502556,13:47:34, RTD/4221/CO/11111/1/20190401,2019-11-01,approved,KER,0,,290,2022-09-25,2019-10-09,00036369,16:54:17,"",0,0000240166,0,0,310,F,KER,N,KER,"",4221,2023-11-30 17:32:37.773493,t,2023-11-30 17:32:37.773497
675447,2021-05-10,00081719,13:32:42,KES-RTD/4271/Bulk/2018-19/0628,2021-05-10,Approved,SS,0,,330,2022-10-02,2021-05-10,00036369,13:17:51,"",0,ZC4271,0,0,310,F,KER,N,KER,"",4221,2023-11-30 17:32:37.774935,t,2023-11-30 17:32:37.774939
675448,2019-08-29,00502556,16:15:38,CAO/RTD/KOTTAYAM DT: 07.08.2019,2019-08-29,approved,WS,0,,129,2022-08-06,2019-08-28,00040408,18:54:25,X,0,0000143273,0,0,310,F,KER,N,KER,"",4221,2023-11-30 17:32:37.77649,t,2023-11-30 17:32:37.776494
675449,2021-03-09,00081719,15:39:59,TNS-RTD/4179/Bulk/2018-19/0531,2021-03-09,Approved,OS,0,,402,2022-05-07,2021-03-09,00017801,14:25:23,"",0,ZC179S,0,0,310,F,TN,N,KER,"",4221,2023-11-30 17:32:37.778055,t,2023-11-30 17:32:37.778059
675450,2021-03-09,00081719,16:27:05,TNS-RTD/4179/Bulk/2018-19/0531,2021-03-09,Approved,OS,0,,402,2022-05-07,2021-03-09,00017801,16:18:49,"",0,ZC4179,0,0,310,F,TN,N,KER,"",4221,2023-11-30 17:32:37.779648,t,2023-11-30 17:32:37.779654
675451,2019-07-03,00507996,14:51:46,TNS-RTD//Bulk/2018-19/0529,2019-07-03,Approved,OS,0,,519,2022-07-02,2019-07-03,00017801,14:13:58,"",0,ZC177S,0,0,310,F,TN,N,KER,"",4221,2023-11-30 17:32:37.781195,t,2023-11-30 17:32:37.781201
675452,2019-07-03,00507996,15:56:28,TNS-RTD//Bulk/2018-19/0529,2019-07-03,Approved,OS,0,,519,2022-06-16,2019-07-03,00017801,14:12:56,"",0,ZC4177,0,0,310,F,TN,N,KER,"",4221,2023-11-30 17:32:37.782865,t,2023-11-30 17:32:37.78287
675453,2021-08-27,00036342,17:05:01,RTD/4221/CO/135080/1/20190328,2021-08-27,as per mail dated 27.08.2021.,KER,0,,251,2022-09-24,2021-08-27,00024648,16:58:50,"",0,0000135080,175.00,350.00,310,F,KER,N,KER,"",4221,2023-11-30 17:32:37.784436,t,2023-11-30 17:32:37.784441
675454,2021-12-10,00081719,15:49:23,CGM aproval,2021-12-10,Approved,KER,0,,428.3,2024-12-08,2021-12-09,00500341,18:06:25,"",0,ZC4009,0,550.00,310,F,KER,N,KER,"",4221,2023-11-30 17:32:37.785978,t,2023-11-30 17:32:37.785984
675455,2021-11-07,00036342,20:54:30,KESO/4221/ZC4029/ATF/R2/2021-22/188,2021-11-08,"Other than shortest route, as recom",KER,0,,571.9,2024-11-07,2021-11-02,00023768,13:38:39,"",0,ZC4029,0,0,310,F,KER,N,KER,"",4221,2023-11-30 17:32:37.787439,t,2023-11-30 17:32:37.787443
675456,2021-09-14,00036342,10:08:42,KESO/4221/ZC4008/ATF/R1/2021-22/176,2021-09-14,"Shortest route, as recommended by t",KER,0,,26.5,2024-09-13,2021-09-13,00023768,11:39:51,X,0,ZC4008,0,0,310,F,KER,N,KER,"",4221,2023-11-30 17:32:37.788768,t,2023-11-30 17:32:37.788771
675457,2021-11-11,00036342,13:00:34,KESO/4221/ZC4010/ATF/R1/2021-22/191,2021-11-11,"Other than shortest route, as recom",KER,0,,375.2,2024-11-10,2021-11-11,00023768,11:30:41,"",0,ZC4010,0,0,310,F,KER,N,KER,"",4221,2023-11-30 17:32:37.790102,t,2023-11-30 17:32:37.790106
6055,2019-08-29,00502556,16:16:14,CAO/RTD/KRL DT: 07.08.2019,2019-08-07,approved,WS,0,,39,2022-08-06,2019-08-28,00040408,18:51:17,X,0,0000143806,0,0,310,F,KER,N,KER,"",4136,2023-10-30 20:03:47.782243,t,2023-10-30 20:03:47.782248
